{"cameraMode":{"drawMode":0,"name":"Shaded","section":"Shading Mode"},"sceneLighting":false,"audioPlay":false,"sceneViewState":{"showFog":true,"showMaterialUpdate":true,"showSkybox":false,"showFlares":true,"showImageEffects":true,"showParticleSystems":true},"in2DMode":false,"pivot":{"x":-960.0072631835938,"y":-539.4597778320313,"z":0.026303395628929139},"rotation":{"x":-0.0062477863393723969,"y":-0.13994039595127107,"z":0.000882319756783545,"w":-0.9901469945907593},"size":2.3553977012634279,"orthographic":false}