{"cameraMode":{"drawMode":0,"name":"Shaded","section":"Shading Mode"},"sceneLighting":false,"audioPlay":false,"sceneViewState":{"showFog":true,"showMaterialUpdate":true,"showSkybox":false,"showFlares":true,"showImageEffects":true,"showParticleSystems":true},"in2DMode":false,"pivot":{"x":-960.4297485351563,"y":-539.04736328125,"z":-5.465092658996582},"rotation":{"x":-0.08978459984064102,"y":-0.5171681046485901,"z":0.05466337129473686,"w":-0.8494142293930054},"size":4.09615421295166,"orthographic":false}